Date,BARCLAYSPI,BARCLAYSMV,BPPI,BPMV,NEXTPI,NEXTMV,ANITEPI,ANITEMV,ALLIANCEPI,ALLIANCEMV,FTSE,TBILL
12/31/1979,303.5,981.97,525.1,5349.4,267.2,25.35,63.5,2.88,151.6,90.72,229.79,15.6719
1/31/1980,310.7,1005.19,552.4,5627.7,293,27.8,76.6,3.48,169.3,101.3,251.7,15.5625
2/29/1980,320,1035.37,604,6153.36,301.6,28.62,76.6,3.48,176,105.34,263.81,15.9063
3/31/1980,292.7,947.15,531.2,5411.25,275.8,26.16,78.8,3.58,154.9,92.74,240.38,16.1094
4/30/1980,302.1,977.33,503.9,5132.95,284.4,26.98,81,3.68,161.7,96.77,249.48,15.8906
5/30/1980,294.9,961.61,509.9,5198.98,293,29.44,78.8,3.58,163.4,97.78,243.6,15.9063
6/30/1980,340.1,1109.01,555.4,5663.18,314.6,31.6,83.2,3.78,180.2,107.86,269.54,15.4531
7/31/1980,336.6,1097.78,531.2,5415.6,357.7,35.93,81,3.68,195.4,116.93,282.29,14.5781
8/29/1980,357.3,1165.16,519,5428.84,336.1,33.77,118.2,5.37,204.6,122.47,282.49,15
9/30/1980,366.8,1196.04,594.9,6222.53,370.6,37.23,144.4,6.56,202.1,120.96,290.26,14.4063
10/31/1980,402.9,1313.96,719.4,7524.18,422.3,42.5,186,9.44,217.3,130.03,306.26,14.4375
11/28/1980,371.1,1210.08,725.4,7587.67,366.3,36.86,188.2,9.55,210.5,126,307.26,13.2813
12/31/1980,375.4,1224.12,634.4,6635.24,379.2,38.17,175.1,8.88,206.3,123.48,292.22,13.1719
1/30/1981,349.6,1139.89,625.3,6540,370.6,37.32,192.6,9.77,202.1,120.96,288.97,12.8594
2/27/1981,349.6,1139.89,631.3,6603.5,405.1,40.79,245.1,12.43,210.5,126,304.16,12.8125
3/31/1981,329.8,1075.32,570.6,5968.54,521.4,52.5,247.3,12.64,213.9,128.02,309.73,11.6406
4/30/1981,361.6,1179.2,576.7,6032.04,499.9,50.33,214.5,10.97,225.7,135.07,332.1,11.4531
5/29/1981,340.1,1116.74,585.8,6127.28,452.5,45.69,212.3,10.85,225.7,135.07,315.58,11.5781
6/30/1981,379.7,1246.79,490.7,5696.82,430.9,43.51,240.7,12.31,229.9,137.59,320.57,11.5
7/31/1981,374.5,1229.82,500.1,5805.68,439.5,44.38,253.8,12.98,230.7,138.1,319.42,13.5938
8/31/1981,394.3,1294.85,490.7,5696.82,439.5,44.38,216.6,11.08,239.2,143.14,334.63,12.7188
9/30/1981,342.7,1125.22,403.2,4680.82,374.9,37.85,164.1,8.39,203.8,121.97,278.49,15.8125
10/30/1981,344.4,1130.91,478.2,5551.68,387.8,39.16,196.9,10.07,205.5,122.98,286.3,15.5
11/30/1981,407.2,1337.3,525.1,6103.92,413.7,41.77,207.9,10.63,225.7,135.07,315.14,14.4217
12/31/1981,390,1280.76,493.8,5740.59,422.3,42.64,214.5,10.97,227.4,136.08,313.12,14.4688
1/29/1982,402.9,1323.17,472,5486.26,426.6,43.07,236.3,12.09,249.3,149.18,330.93,13.9219
2/26/1982,414.1,1359.92,437.6,5086.6,366.3,36.98,245.1,12.53,242.5,145.15,316.89,13.5938
3/31/1982,385.7,1266.62,453.2,5268.26,456.8,46.12,254.5,12.98,244.2,146.16,326.59,13.0691
4/30/1982,379.7,1246.83,497,5776.92,422.3,42.64,254.5,12.98,242.5,145.15,328.09,13.0625
5/31/1982,394.3,1294.89,500.1,5813.26,452.5,45.69,272.1,13.88,254.3,152.21,337.46,12.9375
6/30/1982,390.5,1286.34,447,5195.6,413.7,41.77,289.7,14.77,240.8,144.14,322.79,12.5469
7/30/1982,406,1337.38,412.6,4795.93,387.8,39.16,307.2,15.67,253.5,151.7,333.89,11.5625
8/31/1982,367.8,1211.47,459.5,5340.93,413.7,41.77,351.1,17.9,267.8,160.27,343.29,10.5625
9/30/1982,390.5,1286.34,437.6,5086.6,456.8,46.12,386.2,19.69,280.4,167.83,361.81,10.125
10/29/1982,411.2,1354.4,506.3,5885.92,512.8,51.78,373,19.02,303.2,181.44,369.67,9.5625
11/30/1982,395.7,1303.35,462.6,5377.26,547.3,55.5,377.4,19.25,314.9,188.5,375.42,10.1563
12/31/1982,408.1,1347.74,462.6,5377.26,543,55.06,390.6,19.92,318.3,190.51,382.22,10.0313
1/31/1983,439.1,1450.1,487.6,5685.48,504.2,51.13,658.3,33.57,363.8,217.73,395.02,11.0469
2/28/1983,452.5,1494.45,468.8,5466.81,538.6,54.63,557.4,28.42,367.2,219.74,399.35,11.0156
3/31/1983,466,1538.81,528.2,6159.27,624.8,63.36,570.5,29.09,368.8,220.75,411.94,10.5156
4/29/1983,504.2,1665.05,628.2,7325.53,663.6,67.76,588.1,29.99,357.1,213.7,439.29,10.016
5/31/1983,512.5,1691.92,609.5,7106.86,698.1,71.28,719.7,36.7,363.8,217.73,437.63,10.0156
6/30/1983,553.8,1828.4,690.8,8059.46,814.4,83.16,671.5,34.24,384,229.82,458.91,9.5313
7/29/1983,505.2,1668.07,615.7,7184.22,741.2,75.68,702.2,35.81,387.4,231.84,445.97,9.5
8/31/1983,482.5,1593.02,681.4,7950.05,788.6,81.22,614.4,31.33,391.6,234.36,450.36,9.5313
9/30/1983,472.2,1558.91,681.4,7950.05,792.9,81.66,583.7,29.77,374.7,224.28,445.53,9.4375
10/31/1983,446.3,1473.65,650.1,7585.38,831.7,85.65,592.5,30.21,363.8,217.73,437.38,9.0313
11/30/1983,494.9,1633.98,647,7548.91,896.3,92.31,693.4,35.36,387.4,231.84,461.87,8.9375
12/30/1983,498,1644.22,634.5,7403.03,952.3,98.08,640.7,32.67,421.1,252,470.5,8.984
1/31/1984,572.4,1889.83,697,8132.39,1060.1,109.17,693.4,35.49,440.4,263.59,501.36,9
2/29/1984,560,1848.89,673.6,7858.88,1029.9,106.07,636.4,32.57,425.3,254.52,493.12,9
3/30/1984,544.5,1797.72,736.1,8588.25,1163.5,119.61,737.3,37.73,427.8,256.03,524.2,8.531
4/30/1984,525.9,1736.32,806.4,9408.78,1348.8,138.97,759.2,40.41,421.1,252,534.84,8.5
5/31/1984,456.7,1511.25,754.8,8807.06,1090.2,112.33,671.5,35.74,370.5,221.76,477.21,9.125
6/29/1984,474.2,1569.37,715.8,8351.21,1185,122.35,750.5,39.95,397.5,237.89,487.74,8.938
7/31/1984,463.9,1535.18,673.6,7858.88,1060.1,109.45,746.1,39.71,395.8,236.88,474.83,11.875
8/31/1984,477.3,1579.63,770.5,8989.4,1232.4,127.24,772.4,41.11,450.5,269.64,520.47,10.4688
9/28/1984,531.1,1757.42,804.8,9390.55,1258.3,129.91,781.2,41.58,465.7,278.71,535.86,10.406
10/31/1984,549.7,1818.97,747,8715.89,1628.9,168.17,825.1,43.92,475.8,284.76,543.48,10.375
11/30/1984,534.2,1767.68,781.4,9117.04,1878.8,193.98,943.6,50.22,478.3,286.27,560.26,9.375
12/31/1984,585.8,1939.14,759.5,8869.46,2430.4,251.39,956.7,50.92,495.2,296.35,592.94,9.406
1/31/1985,655,2168.28,829.8,9690.7,2094.3,216.63,991.8,52.79,532.2,318.53,614.62,12.75
2/28/1985,632.3,2093.04,828.3,9672.45,2081.3,215.29,987.4,52.56,579.4,346.75,608.13,13.75
3/29/1985,601.3,1990.44,845.5,9879.91,2314,239.36,1123.5,59.8,528.8,316.51,616.21,12.813
4/30/1985,570.5,2373.16,872,10190.37,2520.9,261.57,1154.2,61.44,533.1,319.03,622.11,12.1875
5/31/1985,623.1,2592.01,825.2,9652.09,2869.9,297.79,1044.5,55.6,549.9,329.11,634.16,12.2188
6/28/1985,614.9,2557.81,812.7,9505.85,2469.2,256.21,899.7,47.89,517.9,309.96,595.54,12.3125
7/31/1985,614.9,2557.81,825.2,9652.09,2818.2,292.43,926,49.29,509.5,304.92,606.45,11.125
8/30/1985,647.8,2694.6,918.9,10748.92,2986.3,309.86,1132.3,60.27,540.6,323.57,646.26,11.5
9/30/1985,598.4,2489.42,848.6,9926.29,3012.1,323.19,947.9,50.46,509.5,304.92,626.24,11.3438
10/31/1985,697.1,2899.77,890.8,10419.87,2844.1,305.16,1053.3,56.06,541.5,324.07,670.64,11.2815
11/29/1985,743.1,3091.26,890.8,10419.87,3012.1,323.19,1176.2,70.08,554.1,331.63,696.53,11.328
12/31/1985,784.2,3270.72,872,10200.5,2792.3,299.61,1206.9,71.91,572.6,342.72,682.94,11.2813
1/31/1986,754.6,3147.3,903.3,10566.11,2740.6,294.07,1321.6,92.68,576.8,345.24,696.41,12.3125
2/28/1986,776,3236.44,825.2,9652.09,3141.4,337.07,1358.1,95.24,587.8,351.79,750.83,12.2813
3/31/1986,927.3,3867.27,872,10200.5,3464.6,371.74,1390,97.48,629.1,376.49,810.48,11.3125
4/30/1986,910.8,3798.7,868.9,10163.94,3529.2,378.68,1449.2,101.63,631.6,378,816.4,10.3125
5/30/1986,825.3,3442.14,898.6,10511.27,3219,345.39,1440.1,100.99,627.4,375.48,788.92,9.375
6/30/1986,858.2,3579.28,926.7,10840.32,3257.7,350,1449.2,101.63,653.5,391.1,815.7,9.75
7/31/1986,820.4,3421.57,892.4,10438.15,3089.7,331.95,1435.5,100.74,642.5,384.55,771.8,9.75
8/29/1986,861.5,3592.99,1031.4,12065.11,3335.3,656.84,1472,104.62,679.6,406.73,817.06,9.7897
9/30/1986,762.9,3181.58,1040.8,12174.79,3025,595.74,1554,110.45,665.3,398.16,768.79,10.375
10/31/1986,802.3,3346.15,1073.6,12558.69,3180.2,626.29,1549.5,110.13,703.2,420.84,807.27,10.75
11/28/1986,780.9,3257.01,1053.3,12324.54,2973.3,585.56,1531.2,108.83,714.9,427.9,815.34,10.813
12/31/1986,845.1,3551.74,1136.1,13293.69,2921.6,575.37,1494.8,106.24,730.1,436.97,835.48,10.7813
1/30/1987,882.9,3710.67,1209.6,14153.11,3270.7,644.11,1517.6,107.86,784,469.22,903.29,10.75
2/27/1987,843.4,3544.83,1190.8,13933.68,3645.6,717.94,1631.5,115.96,832.8,498.46,983.12,10.7813
3/31/1987,822,3455,1428.4,16713.11,4253.1,838.13,1677.1,119.2,805.9,482.33,1004.17,9.688
4/30/1987,846.7,3558.65,1489.3,17426.25,4447.1,876.34,1795.5,127.62,768,459.65,1023.58,9.2813
5/29/1987,876.3,3683.03,1650.3,19371.62,4317.8,850.86,1859.3,134.35,775.6,464.18,1097.29,8.7663
6/30/1987,949.5,3990.52,1814.4,21297.78,4317.8,850.86,2123.7,158.53,837.1,500.98,1153.12,8.8594
7/31/1987,1012.8,4256.56,1800.3,21132.68,4434.1,873.79,2506.5,187.5,866.5,518.62,1202.19,8.672
8/31/1987,932.2,3917.97,1734.7,20362.22,4136.8,1141.38,2392.5,178.97,860.6,515.09,1146.69,9.625
9/30/1987,986.5,4146,1781.6,20912.55,4809,1326.85,2306,174.19,877.5,525.17,1208.89,9.813
10/30/1987,797.4,3351.35,1242.4,15799.86,3374.1,930.93,1640.6,124.36,655.2,392.11,887.33,9.063
11/30/1987,708.6,2978.21,1148.7,14607.41,3038,838.2,1667.9,126.43,602.1,360.36,796.31,8.813
12/31/1987,748.1,3348.8,1181.5,15024.77,3723.1,1027.24,1914,145.09,598.7,358.34,870.22,8.313
1/29/1988,795.7,3562.24,1242.4,15799.86,3555.1,980.87,2023.4,153.38,661.9,396.14,915.84,8.313
2/29/1988,805.6,3606.4,1168.6,14860.8,3580.9,988,2078.1,161.63,677.9,405.72,908.08,8.7188
3/31/1988,776,3473.92,1219,15692.59,3371.2,930.15,2078.1,161.83,641.7,384.05,896.75,8.3125
4/29/1988,734.1,4243.64,1269.3,16340.14,3412.9,941.63,1895.8,147.91,660.2,395.14,928.19,7.8438
5/31/1988,757.1,4376.6,1219,15692.59,3387,944.72,1886.7,155.48,648.4,388.08,923.52,7.063
6/30/1988,781,4515.1,1190.8,15451.27,3238.3,903.25,2187.5,180.26,698.1,417.82,963.01,9.0625
7/29/1988,776.2,4487.4,1216.6,15785.84,2986.3,832.94,2123.7,175.01,701.5,419.83,965.18,10.0625
8/31/1988,764.7,4420.92,1118.2,14508.38,2701.8,753.61,2050.7,169,698.1,417.82,911.17,11.5625
9/30/1988,803.1,4642.52,1136.9,14751.7,2236.5,623.8,1914,157.73,698.9,418.32,946.27,11.625
10/31/1988,789.7,4564.96,1141.6,14812.54,2320.5,659.11,1904.9,156.98,713.3,426.89,965.54,11.688
11/30/1988,806.9,4664.68,1151,14934.2,2016.7,572.82,1832,150.97,684.6,409.75,933.45,12.719
12/30/1988,778.2,4522.84,1167.4,15147.11,1822.8,517.74,1494.8,123.18,695.6,416.3,926.59,12.688
1/31/1989,904.7,5258.08,1319.8,17157.42,1913.3,543.44,1658.8,159.12,810.9,485.35,1054.97,12.594
2/28/1989,851,4946.16,1211.9,15755.57,1900.3,539.77,1339.8,128.52,810.9,485.35,1042.6,12.813
3/31/1989,852.9,4957.3,1343.2,15198.82,1965,558.13,1604.1,153.88,817.7,489.38,1076.15,12.578
4/28/1989,866.3,5035.28,1359.6,15401.89,1848.6,525.08,1613.3,154.75,836.2,500.47,1090.04,12.531
5/31/1989,852.9,4957.3,1357.3,15375.34,1822.8,517.74,1531.2,146.88,885.1,529.7,1091.06,13.75
6/30/1989,852.9,4957.3,1390.1,15747.11,1706.4,484.69,1476.5,141.64,889.3,532.22,1101.68,13.625
7/31/1989,987.1,5737.1,1401.8,15879.89,1874.5,532.43,1011.7,97.05,945.7,565.99,1173.25,13.6093
8/31/1989,1035,6015.6,1422.9,16170.47,1758.1,499.38,738.3,70.82,982.7,588.17,1207.45,13.7188
9/29/1989,1010.1,5870.78,1399.5,15910.05,1615.9,458.99,692.7,66.45,954.9,571.54,1169.55,14.0938
10/31/1989,887.4,5157.82,1387.8,15776.79,1215.2,345.16,474,45.46,892.6,534.24,1080.79,14.875
11/30/1989,1038.8,6037.88,1451,16496.34,1150.5,326.8,501.3,49.01,965.9,578.09,1138.67,14.7656
12/29/1989,1094.4,6418.04,1584.7,18015.39,1111.8,315.78,556,54.36,1014.7,607.32,1204.7,14.7344
1/31/1990,1104,6474.24,1598.7,18175.29,1189.3,339.26,556,54.36,976.8,584.64,1167.15,14.6875
2/28/1990,1090.6,6395.56,1580,17962.09,1383.2,394.57,501.3,49.01,932.2,557.93,1122.26,14.7031
3/30/1990,1125.1,6597.88,1540.1,17509.05,1215.2,346.63,501.3,49.01,928.8,555.91,1114.94,14.6563
4/30/1990,966,5664.96,1425.3,16203.2,814.4,232.32,592.4,57.92,894.3,535.25,1043.16,14.7188
5/31/1990,1076,6310.13,1544.8,17601.88,892,254.44,583.3,57.03,996.2,596.23,1154.24,14.6719
6/29/1990,1057.2,6199.98,1500.3,17126.39,607.6,173.32,601.6,58.81,981.1,587.16,1171.28,14.6406
7/31/1990,1046.5,6137.04,1561.2,17822.15,620.5,177,556,54.36,980.2,586.66,1147.05,14.5938
8/31/1990,963.3,5680.22,1706.6,19481.27,452.5,129.07,510.4,49.9,874.9,523.66,1051.08,14.625
9/28/1990,831.8,4904.93,1617.5,18491.99,374.9,106.94,300.8,29.41,808.4,483.84,962.18,14.5938
10/31/1990,898.9,5306.89,1565.9,17902.39,387.8,110.63,373.7,36.54,867.4,519.12,992.67,13.6406
11/30/1990,992.8,5873.46,1626.9,18612.23,310.3,88.5,355.5,37.14,874.1,523.15,1032.11,13.625
12/31/1990,971.4,5746.47,1565.9,17916.54,206.8,59,501.3,52.37,879.2,526.18,1032.25,13.7031
1/31/1991,992.8,5873.46,1430,16360.91,239.2,68.22,446.6,46.66,870.7,521.14,1036.24,13.6406
2/28/1991,1118.9,6619.55,1558.9,17847.37,400.8,114.32,583.3,60.94,1018.9,609.84,1150.01,12.5
3/29/1991,1186,7016.41,1565.9,17927.88,355.5,101.41,592.4,67.87,1086.3,650.16,1193.33,12.0313
4/30/1991,1194.1,7064.03,1612.8,18464.64,329.7,94.03,683.6,78.31,1077.9,645.12,1202.75,11.5
5/31/1991,1191.4,7048.16,1561.2,17874.21,329.7,94.03,665.4,76.22,1098.9,657.72,1201.85,11.125
6/28/1991,1145.8,6778.29,1535.4,17578.99,300.6,85.74,665.4,76.22,1056.8,632.52,1161.19,11.0938
7/31/1991,1282.6,7587.88,1612.8,18464.64,452.5,129.07,619.8,71,1157.1,692.5,1235.89,10.6875
8/30/1991,1261.1,7460.89,1652.6,18920.9,446,127.22,574.2,65.78,1178.1,705.1,1268.62,10.625
9/30/1991,1250.4,7397.39,1584.7,18142.59,581.7,165.94,610.7,69.95,1168.8,699.55,1265.96,10.2813
10/31/1991,1145.8,6823.46,1535.4,17578.99,782.1,223.1,628.9,72.04,1126.7,674.35,1238.63,10.1875
11/29/1991,984.8,5864.66,1415.9,16210.24,788.6,224.94,592.4,67.87,1072,641.59,1168.95,10.2813
12/31/1991,1017,6060.21,1373.7,15727.15,743.3,212.04,592.4,67.87,1099.8,658.22,1187.7,10.1875
1/31/1992,1033.1,6156.15,1345.6,15405.1,917.9,261.82,610.7,69.95,1148.6,687.46,1227.84,10.25
2/28/1992,968.7,5772.39,1247.1,14383.56,892,254.44,610.7,69.95,1158.7,693.5,1229.84,10.1563
3/31/1992,823.8,4954.98,1195.5,13788.75,846.8,241.54,574.2,65.78,1111.6,665.28,1171.71,10.125
4/30/1992,925.7,5568.3,1256.5,14491.71,1098.8,313.45,674.5,77.26,1186.5,710.14,1282.75,10.1875
5/29/1992,1006.2,6052.5,1282.3,14789.11,1189.3,339.26,793,90.84,1194.9,715.18,1311.79,9.625
6/30/1992,885.5,5326.2,954.1,11003.96,1176.4,335.57,701.8,103.82,1104,660.74,1216.62,9.6563
7/31/1992,842.6,5067.96,996.3,11490.63,1163.5,331.88,660.8,97.75,1076.2,644.11,1143.14,9.625
8/31/1992,772.8,4648.32,907.2,10463.23,1137.6,324.51,576.5,124.38,1031.6,617.4,1096.99,9.7813
9/30/1992,904.3,5439.18,1005.7,11598.77,1266.9,361.38,670.2,144.61,1124.2,672.84,1206.16,8.5
10/30/1992,928.4,5584.44,1094.7,12626.17,1415.6,403.79,829.5,178.99,1223.6,732.31,1256.67,7.6875
11/30/1992,1003.6,6036.36,1094.7,12655.69,1661.2,473.86,853,184.05,1281.7,767.09,1313.02,6.75
12/31/1992,1023.7,6157.41,1165.1,13468.7,1874.5,534.7,1021.7,220.45,1318.7,789.26,1363.79,6.53
1/29/1993,1127,6778.8,1151,13306.09,1835.7,523.64,1335.7,288.21,1338.1,800.86,1364.33,5.6875
2/26/1993,1137.7,6843.36,1296.3,14994.59,1848.6,527.33,1265.4,273.04,1406.3,841.68,1396.53,5.7188
3/31/1993,1124.3,6762.66,1422.9,16458.8,2081.3,595.01,1246.6,268.99,1381.9,827.06,1408.07,5.6563
4/30/1993,1151.1,6924.06,1371.3,15862.27,2146,613.48,1340.4,289.22,1355.8,811.44,1388.88,5.6563
5/31/1993,1228.9,7392.12,1441.7,16684.95,2146,613.48,1434.1,309.44,1380.2,826.06,1403.42,5.6563
6/30/1993,1296,7795.62,1446.4,16754.63,2242.9,641.2,1452.9,313.49,1421.5,850.75,1432.31,5.5938
7/30/1993,1293.3,7779.48,1446.4,16773.14,2404.5,687.4,1396.6,301.35,1440,861.84,1448.76,5.6563
8/31/1993,1339,8058.85,1483.9,17230.25,2617.8,748.38,1396.6,301.35,1520,909.72,1537.21,5.5938
9/30/1993,1406,8462.6,1521.4,17665.77,2495,713.27,1387.2,299.33,1468.6,878.98,1506.55,5.5313
10/29/1993,1529.5,9211.2,1638.6,19040.75,2514.4,718.81,1345.1,290.23,1545.3,924.84,1565.37,5.5938
11/30/1993,1567,9466.64,1563.6,18175.74,2572.6,735.44,1387.2,325.31,1518.3,908.71,1556.45,5.0938
12/31/1993,1706.6,10315.92,1690.2,19650.85,2992.7,855.55,1509.1,353.89,1646.3,985.32,1682.14,5.1406
1/31/1994,1683.8,10184.32,1774.5,20635.81,3012.1,860.7,1827.8,429.58,1717.1,1027.66,1745.95,5.1563
2/28/1994,1497.3,9056.34,1723,20043.44,2921.6,839.82,1809,425.18,1641.3,982.3,1675.49,4.8906
3/31/1994,1406,8509.76,1636.2,19041.43,3038,873.26,1593.5,374.51,1509.1,903.17,1561.97,4.9063
4/29/1994,1371.2,8298.64,1809.7,21064.02,2895.8,832.38,1743.4,409.76,1537.7,920.3,1580.44,4.8438
5/31/1994,1355.1,8209.73,1807.4,21048.29,3076.7,884.41,1621.6,381.12,1518.3,908.71,1501.22,4.8125
6/30/1994,1392.6,8437.32,1826.1,21282.27,3025,869.54,1443.5,339.26,1472,880.99,1463.35,4.875
7/29/1994,1486.5,9006.31,1934,22572,3309.4,951.3,1696.6,398.74,1552.8,929.38,1545.74,5.0156
8/31/1994,1569.7,9510.28,1941,22724.45,3477.5,999.6,1799.7,422.98,1587.4,950.04,1626.64,4.8438
9/30/1994,1530.8,9287.74,1873,21932.55,3089.7,888.12,1673.1,393.24,1461.9,874.94,1510.97,5.1875
10/31/1994,1564.4,9497.07,2039.4,23881.49,3167.2,912.47,1640.3,405.52,1477.9,884.52,1536.31,5.3125
11/30/1994,1632.8,9918.55,1990.2,23347.49,3270.7,942.26,1509.1,373.08,1486.3,889.56,1528.12,5.4375
12/30/1994,1638.1,9981.67,1994.9,23402.49,3322.4,957.16,1513.8,374.24,1465.3,876.96,1521.44,5.8906
1/31/1995,1553.6,9466.65,1919.9,22538.88,3257.7,938.54,1406,347.59,1429.9,855.79,1480.56,6.3125
2/28/1995,1626.1,9914.16,1856.6,21795.83,3380.5,973.92,1331,329.05,1469.5,879.48,1487,6.3281
3/31/1995,1671.7,10192.28,2011.3,23663.63,3787.8,1091.23,1532.5,378.87,1488.8,891.07,1538.64,6.0938
4/28/1995,1714.6,10460.43,2098,24684.09,4091.6,1184.25,684.3,173.08,1532.6,917.28,1578.67,6.4375
5/31/1995,1808.5,11046.86,2079.3,24521.11,4350.1,1259.08,618.6,156.46,1583.2,947.52,1632.56,6
6/30/1995,1812.6,11073.76,2112.1,24926.16,4414.7,1277.79,524.9,132.75,1586.5,949.54,1623.51,6.25
7/31/1995,1964.2,12000.06,2219.9,26198.45,4951.2,1433.07,637.4,161.2,1657.3,991.87,1703.02,6.5938
8/31/1995,1934.7,11636.94,2266.8,26806.99,4990,1445.18,609.3,154.09,1670.7,999.94,1719.44,6.5625
9/29/1995,2009.8,12088.86,2227,26360.52,5248.6,1520.06,417.1,105.49,1671.6,1000.44,1733.73,6.5938
10/31/1995,1993.7,12014.3,2182.4,25863.18,5300.3,1535.04,412.4,104.3,1678.3,1004.47,1734.14,6.5625
11/30/1995,2106.4,12724.85,2412.2,28673.08,5765.7,1669.82,468.7,118.53,1701.1,1018.08,1788.6,6.5781
12/29/1995,1983,11986.58,2527,30038.46,5894.9,1707.26,393.7,99.56,1729.7,1035.22,1803.09,6.3438
1/31/1996,2130.5,12882.5,2477.8,29474.44,5920.8,1714.75,379.6,96.01,1793.7,1073.52,1841.96,6.0938
2/29/1996,2082.2,12284.07,2529.4,30087.91,6127.6,1774.66,421.8,106.68,1768.4,1058.4,1840.77,6.0938
3/29/1996,1950.8,11508.41,2688.8,32058.64,6560.7,1900.08,393.7,99.56,1842.5,1102.75,1843.44,5.9063
4/30/1996,1974.9,11650.88,2810.7,33514.04,6851.6,1984.32,449.9,113.79,1861.1,1113.84,1914.61,5.875
5/31/1996,2015.2,11903.35,2604.4,31135.77,7278.2,2107.87,431.2,109.05,1847.6,1105.78,1885.78,5.875
6/28/1996,2074.2,12252.05,2646.6,31647.26,7278.2,2105.62,393.7,99.56,1800.4,1077.55,1856.33,5.6406
7/31/1996,2186.9,12917.75,2731,32666.59,6670.6,1929.84,271.8,68.75,1781.1,1065.96,1835.44,5.625
8/30/1996,2443.1,13939.75,2918.5,35034.29,7517.3,2174.81,332.8,84.15,1877.9,1123.92,1915.98,5.625
9/30/1996,2519.6,14376.09,3108.4,37313.63,7323.4,2118.71,318.7,80.6,1900.2,1137.28,1945,5.6563
10/31/1996,2588,14785.78,3099,37201.07,7239.4,2094.4,299.9,75.86,1910.3,1143.32,1956.9,5.8438
11/29/1996,2746.3,15690.25,3218.6,38780.38,7614.3,2202.86,337.4,85.34,1941.1,1161.72,1985.17,5.9063
12/31/1996,2684.6,15417.7,3284.2,39571.24,7336.4,2122.45,342.1,86.53,1881.3,1125.94,2013.66,5.9375
1/31/1997,3124.7,17944.94,3448.3,41570.45,7394.5,2139.28,487.4,123.27,1928.4,1154.16,2087.61,5.9063
2/28/1997,2975.8,16970.88,3185.7,38514.05,7691.9,2225.3,440.5,111.42,1978.9,1184.4,2107.86,5.9063
3/31/1997,2739.6,15468.14,3312.3,40047.38,8060.3,2331.89,459.3,116.16,1935.6,1158.44,2099.7,6
4/30/1997,3080.4,17392.19,3319.4,40136.52,8422.3,2436.61,473.4,119.71,1920,1149.12,2135.31,6.125
5/30/1997,3185.1,18018.65,3396.7,41187.82,9585.8,2773.21,431.2,109.05,1966.3,1176.84,2200.91,6.2188
6/30/1997,3198.5,18094.54,3499.9,42438.52,8771.3,2537.59,323.4,81.78,1985.3,1188.18,2184.52,6.5
7/31/1997,3449.4,19513.89,3912.4,47441.32,9818.4,2840.53,309.3,78.23,2067.4,1237.32,2295.18,6.75
8/29/1997,3790.1,21441.74,4043.7,49033.12,9592.2,2775.08,374.9,94.82,1988.6,1190.2,2276.72,6.875
9/30/1997,4493.2,25418.89,4386,53538.66,9391.8,2717.11,421.8,106.68,2146.1,1284.44,2455.02,6.9063
10/31/1997,4006.2,22678.65,4107,50203.55,9178.5,2655.4,403.1,101.93,1997.9,1195.74,2293.87,7
11/28/1997,3831.7,21744.54,3797.6,46421.09,9566.4,2767.6,384.3,97.19,2013.5,1205.06,2288.64,7.1875
12/31/1997,4341.6,24637.71,3750.7,46096,8945.8,2588.08,440.5,111.42,2128.4,1273.86,2411,7.1875
1/30/1998,4950.7,28094.32,3877.3,47651.73,9469.4,2739.55,534.3,135.12,2193.7,1312.92,2536.68,7.1875
2/27/1998,4840.7,27470,3928.9,48520.19,10710.4,3098.59,632.7,160.01,2353.7,1408.68,2683.4,7.1875
3/31/1998,4803.1,27333.28,4041.4,49918.41,7485,2165.46,646.8,164.46,2456.8,1470.42,2781.66,7.1875
4/30/1998,4628.7,26340.73,4428.2,54695.99,6399.1,1851.3,637.4,162.08,2511.6,1503.18,2788.99,7.1875
5/29/1998,4384.5,24723.31,4214.8,52321.79,7161.8,2071.96,684.3,173.99,2580.2,1544.26,2802.18,7.1875
6/30/1998,4636.7,26058.22,4097.6,50884.27,6657.7,1926.1,571.8,145.39,2522.1,1509.48,2743.46,7.4688
7/31/1998,4695.8,26390,3811.6,47332.85,6541.3,1892.44,637.4,162.08,2538.9,1519.56,2734.72,7.4063
8/31/1998,3796.9,21253.29,3532.7,43876.18,5726.9,1658.65,445.2,113.83,2211.4,1323.5,2440.84,7.41
9/30/1998,2578.6,14434.22,4219.5,52695,5429.6,1572.53,435.9,111.43,2098.9,1256.22,2344.82,7.3281
10/30/1998,3453.4,19330.81,4111.7,51357.11,6528.4,1890.79,496.8,127.51,2322.1,1389.78,2504.85,7.125
11/30/1998,3689.5,20653.98,4430.5,55620.69,6334.5,1834.62,431.2,110.68,2402.1,1437.66,2626.86,6.5625
12/31/1998,3477.5,19569.58,4207.8,86904.94,6386.2,1849.6,374.9,96.25,2426.5,1452.28,2673.92,6
1/29/1999,3649.3,20535.98,3853.8,79594.25,8254.2,2390.63,384.3,98.65,2472.4,1479.74,2695.94,5.75
2/26/1999,4470.4,25155.76,4168,86081.88,9366,2712.62,407.7,106.93,2534.7,1517.04,2825.39,5.3594
3/31/1999,4778.9,26910.89,4915.8,101832.1,9165.6,2654.59,440.5,115.53,2562.1,1533.42,2894.79,5.125
4/30/1999,5296.8,29824.08,5527.6,114614.8,9915.4,2871.75,412.4,108.15,2690.5,1610.28,3028.4,5.0625
5/31/1999,5079.5,28565.34,5236.9,108614.2,9378.9,2716.37,389,102.01,2637.9,1578.78,2889.65,5.125
6/30/1999,4953.4,27763.82,5330.7,110615,9960.6,2884.85,489.8,128.43,2623.2,1569.96,2946.17,4.8125
7/30/1999,4891.6,27381.44,5658.9,117186.8,8790.7,2546.01,496.8,130.28,2608.4,1561.14,2925.14,4.875
8/31/1999,4964.1,27768.49,5415.1,112393,9514.6,2755.68,515.5,135.73,2627.4,1572.48,2939.11,4.875
9/30/1999,4784.3,26655.82,5199.4,107927.8,7911.6,2291.41,543.7,143.13,2473.7,1480.5,2826.11,5.125
10/29/1999,4999,27665.52,5537,114999.8,8474,2454.28,543.7,143.13,2595.8,1553.58,2904.38,5.125
11/30/1999,4856.8,26860.38,5982.4,124294.9,6593,1909.51,838.9,220.87,2701.1,1616.58,3086.9,5.2813
12/31/1999,4781.6,26623.28,5837,121287.9,7678.9,2224.01,1270.1,337.89,2778.9,1663.2,3242.06,5.375
1/31/2000,4011.5,22335.47,5100.9,106007.4,6256.9,1812.16,1654.4,440.14,2570.5,1538.46,2975.87,5.5313
2/29/2000,4094.7,22750.16,4571.2,95003.13,6786.9,1965.67,2769.8,735.97,2440,1460.34,2989.43,6
3/31/2000,4459.6,24747.17,5377.6,111794.1,6037.1,1748.45,1954.3,519.29,2574.7,1540.98,3110.56,5.8125
4/28/2000,4406,24449.38,5199.4,125834.5,6496.1,1817.54,1509.1,400.98,2574.7,1540.98,3001.92,5.875
5/31/2000,4666.2,25771.96,5705.7,138124.9,8079.7,2106.44,1518.5,406.3,2684.2,1606.5,3017.23,5.875
6/30/2000,4408.6,24283.52,5944.9,143459.4,7472.1,1948.03,1476.3,408.71,2630.7,1574.5,3029.74,5.875
7/31/2000,4051.8,22317.79,5476,132078,8299.5,2163.73,1720,488.29,2701.1,1616.58,3062.41,5.8438
8/31/2000,4615.3,25421.58,5912,142619.4,8040.9,2096.33,2099.6,596.06,2901.1,1736.28,3207.99,5.8438
9/29/2000,5023.1,27668.13,5644.8,136467.2,9314.3,2428.3,1940.3,551.56,2730.5,1634.22,3029.36,5.8125
10/31/2000,5291.4,32806.99,5480.7,132084.2,8861.8,2310.34,1696.6,482.28,2778.9,1663.2,3078.21,5.7612
11/30/2000,5304.9,32890.18,5143.1,123674,10471.3,2729.94,1518.5,432.51,2734.7,1636.74,2945.06,5.7813
12/29/2000,5559.8,34470.62,5063.4,121687.8,10406.6,2713.09,1579.4,455.59,2684.2,1606.5,2983.81,5.7813
1/31/2001,5863,36350.56,5518.2,132614.9,10057.6,2622.09,1916.8,552.76,2827.4,1692.18,3030.05,5.7188
2/28/2001,5643,34986.38,5372.9,129155.6,10923.7,2847.9,1705.9,491.95,2757.9,1650.6,2868,5.5775
3/30/2001,5889.8,36516.93,5457.3,130858.1,11453.8,2986.08,1321.6,381.84,2572.6,1539.72,2711.4,5.5775
4/30/2001,6037.4,37431.93,5879.2,141109.4,11828.7,3083.82,1316.9,390.35,2787.4,1668.24,2869.04,5.5775
5/31/2001,5675.2,35186.02,5832.3,140002.3,12643.1,3296.15,1382.6,411.85,2745.3,1643.04,2811.22,5.1875
6/29/2001,5849.6,36267.36,5480.7,131388.9,12022.6,3134.38,1204.5,361.49,2707.4,1620.36,2728.12,5.0625
7/31/2001,5583.9,34628.35,5471.3,131172.8,11880.4,3097.3,1246.6,373.26,2547.4,1524.6,2663.92,5.0313
8/31/2001,5608.1,34778.11,5480.7,131340.1,12216.5,3184.93,1274.8,385.87,2570.5,1538.46,2590.17,4.7813
9/28/2001,5020.4,31133.89,5269.7,126121.6,11570.1,2977.71,787.4,241.19,2248.4,1345.68,2340.48,4.4531
10/31/2001,5554.4,34382.64,5204.1,124563.9,11234,2891.21,960.8,294.73,2368.4,1417.5,2413.5,4.2659
11/30/2001,5769.1,35920,4861.8,116342.6,11608.9,2969.77,1265.4,388.44,2524.2,1510.74,2514.07,3.7969
12/31/2001,6104.5,38006.09,5007.2,119787.2,11570.1,2959.85,1598.1,508.17,2423.2,1450.26,2523.88,3.8594
1/31/2002,5991.8,37217.76,5138.4,122944.1,12087.2,3092.14,1593.5,504.52,2462.3,1473.7,2496.02,3.8594
2/28/2002,5567.8,34584.37,5461.9,130741.7,12300.5,3146.71,1227.9,388.78,2429.5,1454.04,2466.98,3.8281
3/29/2002,5822.7,36167.74,5860.5,140280.8,14026.4,3588.2,1349.8,427.36,2543.2,1522.08,2557.4,3.953
4/30/2002,6450.6,40067.87,5490.1,131504.8,13451.1,3441.04,1110.7,363.27,2490.5,1490.58,2512.04,3.9219
5/31/2002,6332.6,39334.52,5485.4,131407.6,12914.6,3251.67,834.2,272.84,2490.5,1490.58,2475.57,3.875
6/28/2002,5924.7,36801.11,5166.6,123770.3,12048.4,3024.41,693.6,226.86,2311.6,1383.48,2263.11,3.875
7/31/2002,5248.5,32600.98,4660.2,111648.8,11162.9,2802.13,342.1,112.08,2067.4,1237.32,2050.81,3.875
8/30/2002,4980.2,30934.26,4693.1,112440.5,10897.9,2735.6,220.3,78.55,2071.6,1239.84,2046.21,3.8438
9/30/2002,3987.4,24767.41,3985.1,95478.94,12009.7,3014.68,173.4,62.49,1768.4,1058.4,1801.48,3.8438
10/31/2002,4744.1,29467.55,3844.5,91740.56,11505.5,2888.12,164,59.11,1976.8,1183.14,1938.71,3.8438
11/29/2002,4990.9,31051.13,3924.2,93644.94,10859.1,2508.25,199.2,71.77,1976.8,1183.14,2002.97,3.8438
12/31/2002,4132.3,25709,4003.9,95556.69,9521.1,2195.15,220.3,79.37,1941.1,1161.72,1893.73,3.875
1/31/2003,3759.3,23388.51,3581.9,85497.19,9824.9,2257.89,248.4,89.57,1791.6,1072.26,1722.28,3.875
2/28/2003,3939.1,24504.71,3750.7,89353,10342,2376.73,220.3,79.71,1863.2,1115.1,1759.08,3.875
3/31/2003,3917.6,24303.08,3762.4,89245.56,10975.5,2522.3,208.6,75.47,1856.8,1111.32,1735.72,3.5313
4/30/2003,4639.4,28733.45,3717.9,88191.44,12197.1,2610.04,262.5,95.33,2014.7,1205.82,1891.5,3.5313
5/30/2003,4615.3,28581.81,3919.5,92973.63,12475.1,2669.52,314,115.46,2063.2,1234.8,1968.83,3.5625
6/30/2003,4829.9,29911.21,3940.6,92881.94,13270.1,2829.81,311.7,114.6,2122.1,1270.08,1971.26,3.5625
7/31/2003,5025.8,30666.18,3994.5,94156.13,14679.2,3130.51,428.8,157.45,2226.9,1332.83,2045.82,3.3281
8/29/2003,4937.3,30123.42,4022.6,94819.25,13910,2966.47,529.6,194.45,2273.7,1360.8,2064.74,3.3281
9/30/2003,4956,30247.68,3872.6,91286.19,14530.5,3098.8,417.1,154.74,2151.6,1287.72,2027.72,3.564
10/31/2003,5334.4,32556.79,3835.1,90437.5,15254.5,3253.19,449.9,166.91,2273.7,1360.8,2125.37,3.5469
11/28/2003,5500.7,33539.47,3804.6,89718.88,14414.2,3067.02,461.6,172.25,2210.5,1323,2146.72,3.7188
12/31/2003,5347.8,32698.64,4247.7,100215.3,14517.6,3089.02,473.4,176.62,2245.9,1344.17,2207.38,3.75
1/30/2004,5312.9,32486.61,4015.6,94739.94,16624.8,3408.81,508.5,189.86,2193.7,1312.92,2187.1,3.75
2/27/2004,5192.2,31707.72,4057.8,95633.56,17982.2,3687.14,555.4,207.39,2199.6,1316.45,2243.41,3.9688
3/31/2004,5143.9,31209.85,4275.8,100305.7,18486.3,3790.52,522.6,195.14,2164.2,1295.28,2196.97,3.9688
4/30/2004,5457.8,32915.93,4571.2,107234.1,18033.9,3697.74,541.3,203.22,2202.9,1318.46,2237.34,4.1563
5/31/2004,5103.6,30628.16,4479.7,104484,17917.5,3645.12,449.9,168.91,2128,1273.61,2201.81,4.375
6/30/2004,5041.9,30257.79,4566.5,106140,18395.9,3727.59,496.8,186.5,2109.5,1262.52,2228.67,4.5625
7/30/2004,4937.3,29629.77,4838.4,112024.1,19352.5,3921.44,461.6,173.69,2061.5,1233.79,2192.22,4.5625
8/31/2004,5522.2,33067.36,4620.4,106675.1,19236.1,3897.86,461.6,173.69,2109.5,1262.52,2214.19,4.75
9/30/2004,5688.6,34040.98,4946.2,114484.7,21110.6,4277.69,468.7,176.33,2166.7,1296.79,2271.67,4.75
10/29/2004,5710,34169.44,4946.2,114194.7,21588.9,4374.61,508.5,191.32,2188.6,1309.9,2297.66,4.75
11/30/2004,5795.9,34683.27,5007.2,115237.4,20735.7,4201.72,499.1,187.8,2235.8,1338.12,2345.21,4.75
12/31/2004,6289.6,37818.09,4763.4,109351.8,21330.4,4320.57,531.9,200.14,2297.3,1374.91,2410.75,4.75
1/31/2005,6246.7,37559.95,4904,112277.9,20309.1,4101.14,543.7,204.55,2308.2,1381.46,2441.22,4.7188
2/28/2005,6064.2,36464.75,5269.7,120368.5,19921.3,4016.66,590.5,222.18,2374.7,1421.28,2495.46,4.7188
3/31/2005,5806.6,34915.81,5143.1,117202.4,20580.6,4142.43,546,205.43,2310.7,1382.98,2457.73,4.7188
4/29/2005,5763.7,34657.65,5007.2,113799.4,19106.9,3837.05,557.7,210.6,2223.2,1330.56,2397.05,4.8125
5/31/2005,5597.3,33657.29,5166.6,117081.9,18615.6,3729.04,590.5,222.99,2355.4,1409.69,2483.35,4.8125
6/30/2005,5962.3,35851.63,5447.9,123026.3,19507.6,3884.18,621,234.57,2433.7,1456.56,2560.17,4.8125
7/29/2005,5978.4,35948.44,5902.7,132391.1,20347.9,4031.38,625.7,236.24,2513.7,1504.44,2644.75,4.625
8/31/2005,5935.4,35730.94,5926.1,132267.9,19494.7,3854.8,614,228.45,2528,1513.01,2659.21,4.625
9/30/2005,6150.1,37023.2,6315.2,141332.9,17995.1,3516.65,609.3,226.71,2635.8,1577.52,2745.79,4.625
10/31/2005,6010.6,36183.23,5851.1,130183.2,17245.3,3355.57,562.4,207.8,2534.7,1517.04,2664.4,4.625
11/30/2005,6337.9,38153.92,5944.9,131482.1,17904.6,3415.41,562.4,207.8,2720,1627.92,2741.05,4.625
12/30/2005,6558,39650.84,5804.2,127867,19843.7,3773.8,637.4,235.51,2853.9,1708.06,2847.02,4.625
1/31/2006,6450.6,39008.76,6338.7,139260,22403.4,4238.05,705.3,260.62,2938.9,1758.96,2928.56,4.5468
2/28/2006,7175.1,43389.95,5907.3,128969.1,21330.4,4035.08,698.3,258.02,2960,1771.56,2956.12,4.5468
3/31/2006,7228.8,43714.48,6198,134454.8,21330.4,4035.08,754.6,279.73,3190.7,1909.66,3047.96,4.5469
4/28/2006,7352.2,44460.9,6343.4,137017.3,20839.1,3967.13,665.5,246.72,3170.5,1897.56,3074.26,4.5469
5/31/2006,6633.1,40112.17,5860.5,125719.3,21007.2,3880.85,623.3,231.08,2874.1,1720.15,2916.85,4.6094
6/30/2006,6595.5,39885,5912,126058.1,21097.7,3777.6,611.6,226.74,2901.1,2314.73,2967.58,4.6094
7/31/2006,6740.4,40761.24,6048,127946.8,22080.2,3884.18,684.3,253.37,2907.4,2319.77,3004.28,4.6094
8/31/2006,7057.1,42675.98,5597.9,117890.2,21550.2,3765.94,688.9,258.05,2884.2,2301.29,3007.51,4.8438
9/29/2006,7234.2,43746.93,5457.3,115607.3,24510.6,4196.53,677.2,253.66,2983.2,2380.24,3050.44,4.8438
10/31/2006,7593.7,45921.3,5466.6,114588.4,24303.7,4161.12,688.9,258.25,3061.1,2442.39,3140.47,4.8438
11/30/2006,7303.9,44168.82,5382.2,112156.9,23011,3939.78,759.2,284.6,3037.9,2423.91,3119.85,5.0625
12/29/2006,7835.2,47706.98,5321.3,111714.9,23269.5,4086.97,763.9,286.39,3084.2,2460.87,3221.42,5.0625
1/31/2007,7942.5,48370.21,5011.9,103936.3,25247.4,4434.36,749.9,281.29,3077.9,2455.83,3211.84,5.375
2/28/2007,7942.5,48394.75,4894.7,101158.8,26398,4636.44,761.6,285.82,3031.6,2418.88,3198.28,5.375
3/30/2007,7738.6,47157.37,5176,106483.6,29074,5106.44,766.3,287.63,3077.9,2455.83,3283.21,5.375
4/30/2007,7808.4,47605.44,5302.5,108765.3,30366.7,5333.49,726.4,273.38,3139,2504.55,3355.6,5.42039
5/31/2007,7749.3,47250.91,5293.2,108234.7,28556.9,4953.99,726.4,273.5,3210.5,2561.66,3438.7,5.53796
6/29/2007,7470.3,45558.42,5654.2,115381.4,25971.4,4392.68,698.3,262.91,3094.7,2469.27,3404.14,5.82359
7/31/2007,7502.5,45760.34,5415.1,110335.1,24549.3,4094.82,787.4,296.67,3063.2,2444.07,3289.12,5.77659
8/31/2007,6584.8,41924.84,5227.5,106271.6,24963,4073.06,749.9,282.54,2974.7,2373.52,3260.48,5.88877
9/28/2007,6391.6,40157.61,5321.3,107993.4,25389.6,4127.28,670.2,252.3,3040,2425.6,3316.89,5.71818
10/31/2007,6482.8,40264.45,5860.5,118702.4,28543.9,4589.25,595.2,223.04,3128.4,2496.15,3454.12,5.68583
11/30/2007,6042.8,37283.07,5532.3,111816.9,22493.9,3563.46,407.7,152.79,3031.6,2418.88,3280.87,5.66201
12/31/2007,5409.5,33289.4,5766.7,116372.2,20994.3,3312.9,496.8,185.17,3044.2,2428.96,3286.67,5.42498
1/31/2008,5044.6,30906.82,4988.4,100512.3,18137.3,2819.98,370.2,137.22,2846.3,2271.06,3000.1,5.2652
2/29/2008,5122.4,31342.29,5119.7,103070.1,16663.6,2581.82,403.1,147.74,2880,2297.93,3013.02,5.18461
3/31/2008,4862.1,29752.35,4800.9,96525.13,14724.4,2275.11,374.9,136.86,2770.5,2210.58,2927.05,5.06376
4/30/2008,4899.7,29980.92,5729.2,115183,14814.9,2281.65,363.2,130.84,2899,2313.05,3099.94,4.96621
5/30/2008,4024.9,24629.77,5701.1,114583.6,14957.1,2294.87,417.1,150.45,2848.4,2272.74,3082.26,5.02753
6/30/2008,3212.6,23248.34,5469,109709.1,12533.2,1918.12,403.1,145.38,2633.7,2101.4,2855.69,5.1208
7/31/2008,3725.1,27527.87,4890,97949.5,12339.3,1882.72,325.7,117.49,2593.7,2069.48,2749.21,5.0814
8/29/2008,3890.4,28749.6,4957.9,99165.25,13716.1,2091.19,365.6,131.99,2686.3,2143.39,2868.69,4.9844
9/30/2008,3598.4,27329.48,4350.8,86884.13,13173.1,2008.41,304.6,110.01,2406.3,1919.98,2483.67,4.67916
10/31/2008,1971.7,14974.72,4756.3,94990.31,13625.6,2077.4,271.8,98.16,2063.2,1646.18,2183.69,3.63316
11/28/2008,1867,14179.52,4939.2,98676,14323.7,2183.83,220.3,79.55,2132.6,1701.61,2133.99,1.82805
12/31/2008,1690.6,12842.38,4932.2,98545.13,13974.6,2130.61,253.1,90.7,2400,1914.94,2209.29,1.24285
